decorated,owner_unit,n_emitters,method
??0?$Delegate1@VAnimKey@@AAVAgeServer@@@@QAE@PAVAnimKey@@P81@AEXAAVAgeServer@@@Z@Z,cinePlayer,2,ilk-range
??0?$Parm@H@@QAE@PAVParameters@@HHHVayuID@@PAD@Z,gameflow,18,ilk-range
??0?$Parm@M@@QAE@PAVParameters@@MMMVayuID@@PAD@Z,gameflow,24,ilk-range
??0?$SmartPtr@VCreature@@@@QAE@XZ,tekibteki,20,ilk-range
??0AndAction@@QAE@PAVPiki@@@Z,aiPickCreature,5,ilk-range
??0AnimInfo@@QAE@XZ,animMgr,2,ilk-range
??0AnimKey@@QAE@HH@Z,TAIotama,11,ilk-range
??0AnimKey@@QAE@XZ,cinePlayer,3,ilk-range
??0Animator@@QAE@XZ,cinePlayer,3,ilk-range
??0BurnEffect@@QAE@PAVVector3f@@@Z,navi,2,link-order
??0CardQuickInfo@@QAE@XZ,newPikiGame,5,ilk-range
??0CollEvent@@QAE@PAVCreature@@PAVCollPart@@1@Z,navi,4,ilk-range
??0CollPartUpdater@@QAE@XZ,Slime,2,link-order
??0Collision@@QAE@XZ,mapMgr,2,ilk-range
??0Condition@@QAE@ABV0@@Z,taichappy,6,link-order
??0Condition@@QAE@XZ,tekibteki,20,ilk-range
??0CreatureNode@@QAE@XZ,itemMgr,2,ilk-range
??0CreatureNodeMgr@@QAE@XZ,itemMgr,2,ilk-range
??0CreaturePlatMgr@@QAE@XZ,tekibteki,4,ilk-range
??0CreatureProp@@QAE@XZ,tekibteki,8,ilk-range
??0Cylinder@@QAE@AAVVector3f@@0M@Z,collInfo,4,ilk-range
??0DynCollShape@@QAE@PAVShape@@@Z,mapMgr,3,ilk-range
??0DynObjBody@@QAE@XZ,mapMgr,2,ilk-range
??0EffectParm@@QAE@AAVVector3f@@0@Z,navi,5,ilk-range
??0EffectParm@@QAE@AAVVector3f@@@Z,navi,8,ilk-range
??0EffectParm@@QAE@PAVVector3f@@@Z,navi,5,ilk-range
??0FreeLightEffect@@QAE@XZ,piki,2,ilk-range
??0GaugeInfo@@QAE@XZ,newPikiGame,2,ilk-range
??0GenObject@@QAE@KPAD@Z,workObject,12,ilk-range
??0InteractAttack@@QAE@PAVCreature@@PAVCollPart@@M_N@Z,tekibteki,9,ilk-range
??0InteractBomb@@QAE@PAVCreature@@MPAVCollPart@@@Z,aiPerf,3,ilk-range
??0InteractBubble@@QAE@PAVCreature@@M@Z,Slime,2,ilk-range
??0InteractBuild@@QAE@PAVCreature@@HM@Z,aiBridge,2,ilk-range
??0InteractFire@@QAE@PAVCreature@@M@Z,TAIhibaA,2,ilk-range
??0InteractFlick@@QAE@ABV0@@Z,tekibteki,6,ilk-range
??0InteractFlick@@QAE@PAVCreature@@MMM@Z,tekibteki,13,ilk-range
??0InteractGrab@@QAE@PAVCreature@@@Z,aiMine,2,ilk-range
??0InteractKill@@QAE@PAVCreature@@H@Z,taicollec,5,ilk-range
??0InteractPress@@QAE@PAVCreature@@M@Z,taiotimoti,4,ilk-range
??0InteractPullout@@QAE@PAVCreature@@@Z,naviState,2,ilk-range
??0InteractRelease@@QAE@PAVCreature@@M@Z,navi,8,ilk-range
??0InteractSwallow@@QAE@PAVCreature@@PAVCollPart@@H@Z,taishell,9,ilk-range
??0InteractWind@@QAE@PAVCreature@@VVector3f@@MPAVparticleGenerator@zen@@@Z,TAIbeatle,2,link-order
??0Interaction@@QAE@ABV0@@Z,tekibteki,9,link-order
??0Interaction@@QAE@PAVCreature@@@Z,tekibteki,47,ilk-range
??0Iterator@@QAE@PAVTraversable@@PAVCondition@@@Z,tekimgr,66,ilk-range
??0KEffect@@QAE@XZ,navi,5,ilk-range
??0ModeState@@QAE@PAVBaseGameSection@@@Z,newPikiGame,2,ilk-range
??0MoveTrace@@QAE@AAVVector3f@@0M_N@Z,fishItem,6,ilk-range
??0Msg@@QAE@H@Z,itemMgr,14,ilk-range
??0MsgAnim@@QAE@PAVPaniAnimKeyEvent@@@Z,navi,3,ilk-range
??0MsgBounce@@QAE@AAVVector3f@@@Z,navi,4,ilk-range
??0MsgCollide@@QAE@AAVCollEvent@@@Z,navi,3,ilk-range
??0MsgOffWall@@QAE@PAVDynCollObject@@@Z,navi,2,ilk-range
??0MsgTarget@@QAE@PAVCreature@@@Z,naviState,2,ilk-range
??0MsgUser@@QAE@H@Z,itemMgr,8,ilk-range
??0MsgWall@@QAE@AAVPlane@@PAVDynCollObject@@@Z,navi,2,ilk-range
??0NAxisAngle4f@@QAE@ABV0@@Z,nlibgeometry,2,ilk-range
??0NFunction@@QAE@XZ,pcammotionevents,4,ilk-range
??0NOrientation@@QAE@ABV0@@Z,pcammotionevents,2,ilk-range
??0NPolynomialFunction@@QAE@XZ,pcammotionevents,3,ilk-range
??0NVector3f@@QAE@ABV0@@Z,pcamcamera,12,ilk-range
??0NVector3fIO@@QAE@XZ,tekibteki,3,ilk-range
??0NVector3fIOClass@@QAE@XZ,tekibteki,3,ilk-range
??0NaviState@@QAE@H@Z,naviState,2,ilk-range
??0ObjectMgr@@QAE@XZ,itemMgr,5,ilk-range
??0P2DGrafContext@@QAE@ABV0@@Z,P2DScreen,2,ilk-range
??0P2DPaneCallBack@@QAE@PAVP2DPane@@W4P2DPaneType@@@Z,drawGameInfo,10,link-order
??0P2DScreen@@QAE@XZ,gameCourseClear,20,ilk-range
??0P2DStream@@QAE@PAVRandomAccessStream@@@Z,P2DTextBox,3,ilk-range
??0PUTRect@@QAE@ABV0@@Z,drawGameInfo,4,ilk-range
??0PUTRect@@QAE@HH@Z,gameCourseClear,20,ilk-range
??0PUTRect@@QAE@HHHH@Z,drawGameInfo,23,link-order
??0PUTRect@@QAE@XZ,P2DPane,4,ilk-range
??0PaniAnimKeyListener@@QAE@XZ,panitestsection,41,ilk-range
??0PaniSound@@QAE@H@Z,taichappy,22,ilk-range
??0ParaParameterInfoF@@QAE@XZ,pcamcameraparameters,3,link-order
??0ParaParameterInfoI@@QAE@XZ,pcamcameraparameters,3,link-order
??0Parameters@@QAE@PAD@Z,gameflow,27,ilk-range
??0PelletView@@QAE@XZ,tekibteki,2,ilk-range
??0PlayState@@QAE@XZ,gameflow,2,ilk-range
??0RigidBody@@QAE@XZ,mapMgr,2,ilk-range
??0RippleEffect@@QAE@XZ,navi,4,link-order
??0SAIAction@@QAE@XZ,itemAI,2,ilk-range
??0SAICondition@@QAE@XZ,itemAI,3,ilk-range
??0SAIEvent@@QAE@XZ,itemAI,2,ilk-range
??0Section@@QAE@XZ,gameflow,11,ilk-range
??0Sphere@@QAE@AAVVector3f@@M@Z,piki,5,ilk-range
??0TAIAappearKabekui@@QAE@HHM_N@Z,TAIkabekuiC,3,ilk-range
??0TAIAapproachTargetPriorityFaceDir@@QAE@HH@Z,TAImiurin,4,link-order
??0TAIAattackableTarget@@QAE@H@Z,TAImiurin,4,link-order
??0TAIAcheckTurnAngle@@QAE@HM_N@Z,TAImiurin,2,link-order
??0TAIAdamage@@QAE@H_N@Z,TAIotama,11,ilk-range
??0TAIAdeadCheck@@QAE@H@Z,TAIotama,11,ilk-range
??0TAIAdying@@QAE@HH@Z,TAIotama,10,ilk-range
??0TAIAdyingCrushKabekui@@QAE@HHW4effTypeTable@EffectMgr@@@Z,TAIkabekuiC,3,link-order
??0TAIAdyingKabekui@@QAE@HHW4effTypeTable@EffectMgr@@@Z,TAIkabekuiC,3,ilk-range
??0TAIAeatPiki@@QAE@HH@Z,TAIkabekuiC,2,link-order
??0TAIAeffCloudOfDust@@QAE@HW4effTypeTable@EffectMgr@@HHMHHHHH@Z,TAImiurin,2,ilk-range
??0TAIAeffCloudOfDust@@QAE@HW4effTypeTable@EffectMgr@@HMHHHHH@Z,TAIdororo,2,ilk-range
??0TAIAflickCheck@@QAE@HH@Z,TAImiurin,4,ilk-range
??0TAIAflyingBase@@QAE@H@Z,TAIkabekuiC,2,ilk-range
??0TAIAflyingInTerritory@@QAE@HM@Z,TAIkabekuiC,2,ilk-range
??0TAIAgoTarget@@QAE@HH@Z,TAImiurin,2,link-order
??0TAIAgoTargetPriorityFaceDir@@QAE@HH@Z,TAIotama,5,link-order
??0TAIAhitCheckFlyingPiki@@QAE@H@Z,TAIkabekuiC,3,link-order
??0TAIAinWater@@QAE@H@Z,TAIkabekuiC,3,ilk-range
??0TAIAinWaterDamage@@QAE@HM_N@Z,TAIkabekuiC,3,link-order
??0TAIAinvincibleOff@@QAE@H@Z,TAIkabekuiC,4,link-order
??0TAIAinvincibleOn@@QAE@H@Z,TAIkabekuiC,3,link-order
??0TAIAmotionLoop@@QAE@HHM@Z,TAIdororo,2,ilk-range
??0TAIAnoReaction@@QAE@H@Z,TAImiurin,5,ilk-range
??0TAIAoutsideTerritory@@QAE@H@Z,TAImiurin,4,ilk-range
??0TAIArandomWalk@@QAE@HH@Z,TAIkabekuiC,5,ilk-range
??0TAIAsearchWorkObject@@QAE@H@Z,TAIkabekuiC,3,link-order
??0TAIAsetMotionSpeed@@QAE@HHM@Z,TAIkabekuiC,3,ilk-range
??0TAIAsetTargetPointCircle@@QAE@HM@Z,TAImiurin,2,ilk-range
??0TAIAsetTargetPointCircleRandom@@QAE@H@Z,TAIotama,4,ilk-range
??0TAIAsetTargetPointWorkObject@@QAE@H@Z,TAIkabekuiC,3,link-order
??0TAIAshadowOff@@QAE@H@Z,TAIkabekuiC,3,link-order
??0TAIAshadowOn@@QAE@H@Z,TAIkabekuiC,3,link-order
??0TAIAstickingPiki@@QAE@HH@Z,TAImiurin,2,ilk-range
??0TAIAstop@@QAE@H@Z,TAIotama,12,ilk-range
??0TAIAtimerReaction@@QAE@HM@Z,TAIotama,9,ilk-range
??0TAIAturnFocusCreature@@QAE@HHH_N@Z,TAImiurin,3,ilk-range
??0TAIAturnToTarget@@QAE@HHH_N@Z,TAImiurin,4,ilk-range
??0TAIAunvisibleTarget@@QAE@H@Z,TAImiurin,5,link-order
??0TAIAvisibleNavi@@QAE@H@Z,TAIotama,7,link-order
??0TAIAvisiblePiki@@QAE@H@Z,TAIdororo,6,ilk-range
??0TAIAwait@@QAE@HHM@Z,TAIdororo,2,link-order
??0TAIeffectAttackEventCallBack@@QAE@XZ,tekiyteki,4,ilk-range
??0TaiAccelerationAction@@QAE@XZ,taiotimoti,3,ilk-range
??0TaiAction@@QAE@H@Z,taichappy,25,ilk-range
??0TaiAndAction@@QAE@HPAVTaiAction@@0@Z,taichappy,2,ilk-range
??0TaiAnimationKeyAction@@QAE@HH@Z,taiotimoti,4,ilk-range
??0TaiAnimationSwallowingAction@@QAE@H@Z,taichappy,2,ilk-range
??0TaiAttackableNaviPikiAction@@QAE@H@Z,taichappy,3,ilk-range
??0TaiContinuousMotionAction@@QAE@HH@Z,taichappy,7,ilk-range
??0TaiCountLoopAction@@QAE@HH@Z,taishell,3,ilk-range
??0TaiCounterattackSimultaneousDamageAction@@QAE@H@Z,taichappy,3,ilk-range
??0TaiCreatureCollisionAction@@QAE@H@Z,taimizinko,2,ilk-range
??0TaiDamageAction@@QAE@H@Z,taiotimoti,6,ilk-range
??0TaiDamagingAction@@QAE@HH@Z,taiotimoti,6,ilk-range
??0TaiDeadAction@@QAE@H@Z,taichappy,8,ilk-range
??0TaiDyeAction@@QAE@XZ,taichappy,2,ilk-range
??0TaiDyingAction@@QAE@H@Z,taichappy,9,ilk-range
??0TaiFinishMotionAction@@QAE@H@Z,taichappy,6,ilk-range
??0TaiFinishStoppingMoveAction@@QAE@XZ,taichappy,3,ilk-range
??0TaiFlickAction@@QAE@H@Z,taichappy,4,ilk-range
??0TaiFlickingAction@@QAE@HH@Z,taichappy,2,ilk-range
??0TaiGoingHomeAction@@QAE@HM@Z,taichappy,4,ilk-range
??0TaiHeadOnCollisionAvoidanceAction@@QAE@M@Z,taicollec,2,link-order
??0TaiInsideTerritoryAction@@QAE@HM@Z,taichappy,4,ilk-range
??0TaiLifeDamageAction@@QAE@M@Z,taichappy,2,ilk-range
??0TaiMakingNextVelocityAction@@QAE@XZ,taiotimoti,3,ilk-range
??0TaiMotionAction@@QAE@HH@Z,taichappy,10,ilk-range
??0TaiNotAction@@QAE@HPAVTaiAction@@@Z,tainapkid,2,ilk-range
??0TaiOnceAction@@QAE@H@Z,taichappy,5,ilk-range
??0TaiOutsideTerritoryAction@@QAE@HM@Z,taichappy,4,ilk-range
??0TaiParabolaAction@@QAE@XZ,taiotimoti,2,ilk-range
??0TaiPlaySoundAction@@QAE@H@Z,taicollec,2,ilk-range
??0TaiRandomSetAnimationCounterAction@@QAE@HH@Z,taichappy,2,ilk-range
??0TaiRotatingAction@@QAE@M@Z,taicollec,2,link-order
??0TaiSetOptionAction@@QAE@H_N@Z,taishell,3,ilk-range
??0TaiSimultaneousDamageAction@@QAE@H@Z,taichappy,6,ilk-range
??0TaiSmashedAction@@QAE@H@Z,taichappy,2,ilk-range
??0TaiStartDyingAction@@QAE@XZ,taichappy,6,ilk-range
??0TaiStartingTimerAction@@QAE@HHMMM@Z,taiotimoti,2,link-order
??0TaiStopGenParticleGeneratorAction@@QAE@H@Z,tainapkid,2,ilk-range
??0TaiStopMoveAction@@QAE@XZ,taichappy,7,ilk-range
??0TaiStoppingMoveAction@@QAE@H@Z,taichappy,3,ilk-range
??0TaiSwitchMotionAction@@QAE@HH@Z,taichappy,3,link-order
??0TaiTargetLostAction@@QAE@H@Z,taichappy,3,ilk-range
??0TaiTargetNearestAssailantAction@@QAE@H@Z,taiotimoti,2,ilk-range
??0TaiTargetNearestCollisionAction@@QAE@H@Z,taiotimoti,2,ilk-range
??0TaiTargetNestAction@@QAE@XZ,taichappy,4,ilk-range
??0TaiTargetVisibleNaviPikiAction@@QAE@H@Z,taichappy,3,ilk-range
??0TaiTimerAction@@QAE@HHMM@Z,taichappy,9,ilk-range
??0TaiTimerElapsedAction@@QAE@HH@Z,taichappy,2,ilk-range
??0TaiTracingAction@@QAE@HM@Z,taichappy,4,ilk-range
??0TaiTurningToTargetPositionAction@@QAE@HHM@Z,taichappy,4,ilk-range
??0TaiTypeNaviWatchResultOnAction@@QAE@XZ,taiotimoti,5,ilk-range
??0TaiWarnAction@@QAE@XZ,taiotimoti,2,ilk-range
??0TekiAndCondition@@QAE@ABV0@@Z,taichappy,5,ilk-range
??0TekiAndCondition@@QAE@PAVCondition@@0@Z,tekibteki,13,ilk-range
??0TekiCondition@@QAE@ABV0@@Z,taichappy,6,link-order
??0TekiCondition@@QAE@XZ,tekibteki,18,ilk-range
??0TekiCreaturePointerCondition@@QAE@PAVCreature@@@Z,taicollec,2,ilk-range
??0TekiDistanceCondition@@QAE@PAVTeki@@M@Z,tekibteki,7,ilk-range
??0TekiLowerCondition@@QAE@PAVTeki@@@Z,taiotimoti,2,ilk-range
??0TekiLowerRangeCondition@@QAE@PAVTeki@@@Z,tekibteki,5,ilk-range
??0TekiNotCondition@@QAE@PAVCondition@@@Z,tekibteki,9,ilk-range
??0TekiPositionSphereDistanceCondition@@QAE@VVector3f@@M@Z,tekibteki,3,ilk-range
??0TekiRecognitionCondition@@QAE@PAVTeki@@@Z,tekibteki,10,ilk-range
??0TekiStickerCondition@@QAE@PAVTeki@@@Z,tekibteki,9,ilk-range
??0TekiStickingCondition@@QAE@XZ,tekibteki,2,ilk-range
??0TekiTypeCondition@@QAE@H@Z,taichappy,2,ilk-range
??0TekiVisibleCondition@@QAE@PAVTeki@@@Z,taicollec,3,ilk-range
??0Traversable@@QAE@XZ,itemMgr,9,ilk-range
??0Tube@@QAE@AAVVector3f@@0MM@Z,piki,3,link-order
??0Tube@@QAE@XZ,piki,4,ilk-range
??0WorldSpring@@QAE@XZ,mapMgr,2,link-order
??0ayuID@@QAE@PAD@Z,gameflow,27,ilk-range
??AColCounter@GameStat@@QAEHH@Z,newPikiGame,8,ilk-range
??BColCounter@GameStat@@QAEHXZ,newPikiGame,12,ilk-range
??BCounter@GameStat@@QAEHXZ,gameCoreSection,2,ilk-range
??D@YA?AVMatrix3f@@ABV0@0@Z,mapMgr,2,ilk-range
??D@YA?AVVector3f@@ABMABV0@@Z,mapMgr,38,ilk-range
??D@YA?AVVector3f@@ABV0@ABM@Z,cinePlayer,68,ilk-range
??D@YA?AVVector3f@@ABVMatrix3f@@ABV0@@Z,mapMgr,2,ilk-range
??DIterator@@QAEPAVCreature@@XZ,tekimgr,66,ilk-range
??G@YA?AVVector3f@@ABV0@0@Z,titles,85,ilk-range
??G@YA?AVVector3f@@ABV0@@Z,cinePlayer,5,ilk-range
??H@YA?AVVector3f@@ABV0@0@Z,lightPool,65,ilk-range
??R?$Parm@H@@QAEAAHXZ,animMgr,37,ilk-range
??R?$Parm@M@@QAEAAMXZ,gameflow,65,ilk-range
??R?$Parm@VString@@@@QAEAAVString@@XZ,animMgr,6,ilk-range
?CP@@YA?AVVector3f@@ABV1@0@Z,mapMgr,2,ilk-range
?Initialise@GameHiscores@@QAEXXZ,gameflow,2,ilk-range
?Initialise@GamePrefs@@QAEXXZ,gameflow,2,ilk-range
?Initialise@GameRecBornPikmin@@QAEXXZ,gameflow,2,link-order
?Initialise@GameRecChalCourse@@QAEXXZ,gameflow,2,ilk-range
?Initialise@GameRecDeadPikmin@@QAEXXZ,gameflow,2,ilk-range
?Initialise@GameRecMinDay@@QAEXXZ,gameflow,2,link-order
?OrthonormaliseOrientation@@YAXAAVMatrix3f@@@Z,mapMgr,2,ilk-range
?Rand@zen@@YAMM@Z,drawGameOver,14,ilk-range
?RoundOff@zen@@YAHM@Z,drawGameInfo,28,ilk-range
?Set@ayuID@@QAEXPAD@Z,gameflow,27,link-order
?Transpose@@YA?AVMatrix3f@@ABV1@@Z,mapMgr,2,ilk-range
?abs@?$NsLibMath@H@@SAHH@Z,PomAi,2,ilk-range
?abs@?$NsLibMath@M@@SAMM@Z,MizuAi,6,ilk-range
?absolute@?$NMath@M@@SAMM@Z,pcamcamera,8,ilk-range
?act@TAIAnoReaction@@UAE_NAAVTeki@@@Z,TAImiurin,5,ilk-range
?act@TAIAoutsideTerritory@@UAE_NAAVTeki@@@Z,TAImiurin,4,link-order
?act@TAIAtimerReaction@@UAE_NAAVTeki@@@Z,TAIotama,9,ilk-range
?act@TaiAction@@UAE_NAAVTeki@@@Z,taichappy,25,ilk-range
?act@TaiAndAction@@UAE_NAAVTeki@@@Z,taichappy,2,ilk-range
?act@TaiNotAction@@UAE_NAAVTeki@@@Z,tainapkid,2,ilk-range
?act@TaiOnceAction@@UAE_NAAVTeki@@@Z,taichappy,5,ilk-range
?actBoss@Interaction@@UAE_NPAVBoss@@@Z,tekibteki,47,ilk-range
?actBridge@Interaction@@UAE_NPAVBridge@@@Z,tekibteki,47,ilk-range
?actByEvent@TaiAction@@UAE_NAAVTekiEvent@@@Z,taichappy,26,ilk-range
?actCommon@Interaction@@UAE_NPAVCreature@@@Z,tekibteki,47,ilk-range
?actHinderRock@Interaction@@UAE_NPAVHinderRock@@@Z,tekibteki,47,ilk-range
?actItem@Interaction@@UAE_NPAVItemCreature@@@Z,tekibteki,47,ilk-range
?actNavi@Interaction@@UAE_NPAVNavi@@@Z,tekibteki,47,ilk-range
?actPellet@Interaction@@UAE_NPAVPellet@@@Z,tekibteki,47,ilk-range
?actTeki@Interaction@@UAE_NPAVTeki@@@Z,tekibteki,47,ilk-range
?addAnimTimer@Boss@@QAEXM@Z,SlimeAi,2,ilk-range
?addAttackTimer@Boss@@QAEXM@Z,MizuAi,5,ilk-range
?addCntCallback@RefCountable@@UAEXXZ,tekibteki,41,ilk-range
?addDamagePoint@Boss@@QAEXM@Z,Boss,2,ilk-range
?addFrameCounter@YTeki@@QAEMM@Z,TAIotama,14,ilk-range
?addInfoKey@AnimInfo@@QAEXPAVAnimKey@@@Z,TAIotama,11,ilk-range
?addInfoKey@TAIanimation@@QAEXHH@Z,TAIotama,11,ilk-range
?addKeyFrame@TAIanimation@@QAEXH@Z,TAIotama,10,ilk-range
?aiCullable@Creature@@QAE_NXZ,mapMgr,22,ilk-range
?alone@P2DPane@@QAE_NXZ,drawCommon,2,link-order
?alwaysUpdatePlatform@Creature@@UAE_NXZ,itemMgr,38,ilk-range
?animationFinished@BTeki@@QAE_NXZ,taiotimoti,10,ilk-range
?appendChild@?$PSUTree@VP2DPane@@@@QAE_NPAV1@@Z,drawCommon,3,ilk-range
?appendChild@P2DPane@@QAE_NPAV1@@Z,drawCommon,2,link-order
?applyBodyFriction@RigidBody@@UAEXHAAVVector3f@@00@Z,mapMgr,2,link-order
?applyForce@RigidBody@@QAEXHAAVVector3f@@0@Z,mapMgr,2,ilk-range
?attackDefaultPortion@Boss@@UAE_NXZ,Boss,10,ilk-range
?available@SearchBuffer@@QAE_NXZ,objectMgr,2,ilk-range
?bombDamageCounter@Boss@@UAEXPAVCollPart@@@Z,Boss,10,ilk-range
?bounceCallback@Creature@@UAEXXZ,creature,19,link-order
?calcDirection@BTeki@@SAMAAVVector3f@@@Z,tekibteki,8,ilk-range
?calcMtxBotIdent@NsCalculation@@SAXAAVMatrix4f@@@Z,KingBody,2,ilk-range
?calcMtxTrans@NsCalculation@@SAXABVMatrix4f@@HAAVVector3f@@@Z,KingBody,5,ilk-range
?calcNearerDirection@NMathF@@SAMMM@Z,pcamcamera,3,ilk-range
?calcNearerDirection@NsMathF@@SAMMM@Z,Boss,3,ilk-range
?calcOuterPro@NsCalculation@@SAXABVVector3f@@0AAV2@@Z,SnakeBody,4,ilk-range
?calcSphereDistance@BTeki@@QAEMAAVCreature@@@Z,tekibteki,4,ilk-range
?calcTargetDirection@BTeki@@QAEMAAVVector3f@@@Z,tekibteki,5,ilk-range
?calcVectorTrans@NsCalculation@@SAXABVVector3f@@HAAVMatrix4f@@@Z,SlimeBody,4,ilk-range
?changeContext@Animator@@UAEXPAVAnimContext@@@Z,cinePlayer,3,ilk-range
?clear@?$SmartPtr@VCreature@@@@QAEXXZ,tekibteki,17,ilk-range
?clearCreaturePointer@BTeki@@QAEXH@Z,taicollec,3,ilk-range
?clearEventOption@PeveEvent@@UAEXH@Z,pcammotionevents,4,ilk-range
?clearMode@PathFinder@@SAXXZ,piki,3,ilk-range
?collisionCallback@Boss@@UAEXAAVCollEvent@@@Z,Boss,7,ilk-range
?collisionCallback@Creature@@UAEXAAVCollEvent@@@Z,creature,7,link-order
?computeForces@RigidBody@@UAEXHM@Z,mapMgr,2,link-order
?cos@NMathF@@SAMM@Z,nlibgeometry,32,ilk-range
?create@?$StateMachine@VAICreature@@@@QAEXH@Z,itemAI,2,ilk-range
?cullingOff@EffectMgr@@QAEXXZ,introGame,2,ilk-range
?cullingOn@EffectMgr@@QAEXXZ,moviePlayer,2,ilk-range
?d2r@NMathF@@SAMM@Z,pcamcamera,6,ilk-range
?dec@Iterator@@QAEXXZ,tekibteki,14,ilk-range
?defaultInitialiser@Action@@UAEXXZ,aiFree,32,ilk-range
?demoDraw@Creature@@UAEXAAVGraphics@@PAVMatrix4f@@@Z,tekibteki,40,ilk-range
?disableAICulling@Creature@@QAEXXZ,tekibteki,8,ilk-range
?disableGravity@Creature@@QAEXXZ,itemAI,3,ilk-range
?disableGroundOffset@Creature@@QAEXXZ,itemGem,2,ilk-range
?distanceXZ@NVector3f@@QAEMAAVVector3f@@@Z,pcamcameramanager,8,ilk-range
?doAI@Creature@@MAEXXZ,pelletMgr,10,link-order
?doAdjustFaceDir@Generator@@QAEHXZ,workObject,4,ilk-range
?doAnimation@Creature@@MAEXXZ,navi,10,ilk-range
?doDoAI@Creature@@UAE_NXZ,tekibteki,40,ilk-range
?doLoad@Creature@@UAEXAAVRandomAccessStream@@@Z,tekibteki,41,ilk-range
?doRestore@Creature@@UAEXPAVCreatureInf@@@Z,itemMgr,37,ilk-range
?doSave@Creature@@UAEXAAVRandomAccessStream@@@Z,tekibteki,41,ilk-range
?doStore@Creature@@UAEXPAVCreatureInf@@@Z,itemMgr,37,ilk-range
?draw@Action@@UAEXAAVGraphics@@@Z,aiFree,32,ilk-range
?drawSelf@P2DPane@@MAEXHH@Z,gameCourseClear,22,link-order
?dump@Action@@UAEXXZ,aiFree,31,ilk-range
?dump@Creature@@UAEXXZ,itemMgr,34,link-order
?enableAICulling@Creature@@QAEXXZ,tekibteki,7,ilk-range
?enableFaceDirAdjust@Creature@@QAEXXZ,itemMgr,4,ilk-range
?enableFixPos@Creature@@QAEXXZ,navi,6,ilk-range
?enableFriction@DynCreature@@QAEXXZ,pelletMgr,2,ilk-range
?enableGravity@Creature@@QAEXXZ,itemGem,2,ilk-range
?enableGroundOffset@Creature@@QAEXM@Z,itemGem,2,ilk-range
?equals@NMathF@@SA_NMM@Z,nlibgeometry,2,ilk-range
?exitCourse@Creature@@UAEXXZ,itemMgr,27,ilk-range
?finalSetup@ItemCreature@@UAEXXZ,itemMgr,12,link-order
?finish@PeveEvent@@UAEXXZ,pcammotionevents,4,ilk-range
?finish@TaiAction@@UAEXAAVTeki@@@Z,taichappy,26,ilk-range
?finish@TaiAndAction@@UAEXAAVTeki@@@Z,taichappy,2,ilk-range
?finish@TaiNotAction@@UAEXAAVTeki@@@Z,tainapkid,2,ilk-range
?finishFlying@Creature@@QAEXXZ,taiotimoti,5,ilk-range
?finishMotion@AICreature@@UAEXM@Z,simpleAI,2,ilk-range
?finishMotion@AICreature@@UAEXXZ,simpleAI,2,ilk-range
?finishPause@GameCoreSection@@SAXXZ,gameCoreSection,2,ilk-range
?finishSuck@Suckable@@UAEXPAVPellet@@@Z,ufoItem,2,ilk-range
?finishWaterEffect@Creature@@UAEXXZ,tekibteki,40,ilk-range
?first@Iterator@@QAEXXZ,tekimgr,66,ilk-range
?forceFinishLook@Piki@@QAEXXZ,navi,4,ilk-range
?get@?$ParaParameters@H@@QAEHH@Z,tekibteki,16,ilk-range
?get@?$ParaParameters@M@@QAEMH@Z,pcamcameramanager,38,ilk-range
?getAlpha@P2DPicture@@QBEEXZ,drawGameInfo,4,link-order
?getAlpha@P2DTextBox@@QAEEXZ,drawContainer,4,link-order
?getAlphaChar@P2DTextBox@@QAEEXZ,drawMenu,4,link-order
?getAnimTimer@Boss@@QAEMXZ,Mizu,12,ilk-range
?getAnimationKeyOption@BTeki@@QAE_NH@Z,taiotimoti,10,ilk-range
?getAnimationSpeed@PaniAnimator@@QAEMXZ,panipikianimmgr,3,ilk-range
?getAttackHitRange@BTeki@@QAEMXZ,tekibteki,3,ilk-range
?getAttackRange@BTeki@@QAEMXZ,tekibteki,4,ilk-range
?getAttackableRange@BTeki@@QAEMXZ,tekibteki,4,ilk-range
?getBgmVol@GamePrefs@@QAEEXZ,gamePrefs,4,ilk-range
?getCentre@Boss@@UAE?AVVector3f@@XZ,Boss,11,ilk-range
?getCharColor@P2DTextBox@@QBE?AVColour@@XZ,drawMenu,5,link-order
?getChildCount@NNode@@QAEHXZ,peve,2,ilk-range
?getChildMode@GamePrefs@@QAE_NXZ,titles,4,ilk-range
?getCnt@RefCountable@@QAEHXZ,piki,3,ilk-range
?getColorTotal@PikiInfMgr@@QAEHH@Z,memoryCard,4,ilk-range
?getColour@P2DStream@@QAEXPAVColour@@@Z,P2DTextBox,2,ilk-range
?getCounter@PaniAnimator@@QAEMXZ,tekibteki,8,ilk-range
?getCreaturePointer@BTeki@@QAEPAVCreature@@H@Z,tekibteki,18,ilk-range
?getCurrAction@TopAction@@QAEPAVAction@@XZ,navi,9,ilk-range
?getCurrID@?$StateMachine@VNavi@@@@QAEHPAVNavi@@@Z,navi,3,ilk-range
?getCurrState@AICreature@@UAEPAV?$AState@VAICreature@@@@XZ,itemMgr,16,link-order
?getCurrState@Navi@@QAEPAV?$AState@VNavi@@@@XZ,navi,5,ilk-range
?getCurrState@Piki@@QAEPAV?$AState@VPiki@@@@XZ,navi,3,ilk-range
?getCurrentLife@Boss@@QAEMXZ,KingAi,2,ilk-range
?getCurrentMotionCounter@AICreature@@UAEMXZ,simpleAI,3,ilk-range
?getCurrentMotionIndex@PaniAnimator@@QAEHXZ,tainapkid,14,ilk-range
?getCurrentMotionName@AICreature@@UAEPADXZ,simpleAI,3,ilk-range
?getCurrentMotionName@PaniPikiAnimator@@QAEPADXZ,navi,3,ilk-range
?getCurrentOption@PaniAnimator@@QAE_NH@Z,panipikianimmgr,2,ilk-range
?getCurrentState@Boss@@QAEHXZ,Kogane,16,ilk-range
?getCursorX@P2DTextBox@@QAEHXZ,ogDiary,5,link-order
?getCursorY@P2DTextBox@@QAEHXZ,ogDiary,5,link-order
?getCylinderHeight@Creature@@UAEMXZ,tekibteki,41,ilk-range
?getCylinderTypePtclCallBack@YTeki@@QAEPAV?$CallBack1@PAVparticleGenerator@zen@@@zen@@XZ,TAIhibaA,2,ilk-range
?getDamagePoint@Boss@@QAEMXZ,KingAi,6,ilk-range
?getDescent@P2DFont@@QAEHXZ,P2DFont,2,link-order
?getDirection@BTeki@@QAEMXZ,tekibteki,15,link-order
?getDororoGravity@YTeki@@QAEMXZ,TAIkabekuiC,2,ilk-range
?getDrive@BTeki@@QAEAAVVector3f@@XZ,taicollec,3,ilk-range
?getDriveLength@BTeki@@QAEMXZ,tekibteki,2,ilk-range
?getF@ParaMultiParameters@@QAEMH@Z,pcamcameramanager,38,ilk-range
?getF@PcamCameraParameters@@QAEMH@Z,pcamcameramanager,2,ilk-range
?getF@TekiParameters@@QAEMH@Z,tekibteki,35,ilk-range
?getF@TekiPersonality@@QAEMH@Z,tekibteki,13,ilk-range
?getFirstLink@PSUPtrList@@IBEPAVPSUPtrLink@@XZ,drawCommon,2,link-order
?getFlyingStayVelocity@TAIAflyingBase@@MAEMAAVTeki@@@Z,TAIkabekuiC,2,ilk-range
?getFlyingSwitch@YTeki@@QAE_NXZ,TAIusuba,3,ilk-range
?getFontColor@P2DTextBox@@QAEXAAVColour@@0@Z,drawWorldMap,3,link-order
?getFormationPri@Creature@@UAEHXZ,tekibteki,40,ilk-range
?getFov@NCamera@@QAEMXZ,newPikiGame,2,ilk-range
?getFrameCount@PaniAnimator@@QAEHXZ,panitestsection,2,ilk-range
?getFrameCounter@YTeki@@QAEMXZ,TAIotama,8,ilk-range
?getFrameCounterMax@YTeki@@QAEMXZ,TAIotama,3,ilk-range
?getFrameMax@TAIAmotionLoop@@MAEMAAVTeki@@@Z,TAIdororo,2,ilk-range
?getFrameMax@TAIAtimerReaction@@MAEMAAVTeki@@@Z,TAIotama,9,ilk-range
?getFrameTime@NSystem@@SAMXZ,panianimator,8,ilk-range
?getGradColor@P2DTextBox@@QBE?AVColour@@XZ,drawMenu,5,link-order
?getGroundFlag@DynCreature@@QAEEXZ,pelletMgr,3,ilk-range
?getHeight@Creature@@UAEMXZ,tekibteki,28,ilk-range
?getHeight@ItemCreature@@UAEMXZ,itemMgr,12,ilk-range
?getHeight@P2DFont@@QAEHXZ,P2DFont,2,ilk-range
?getHeight@P2DPane@@QAEJXZ,drawGameInfo,33,ilk-range
?getHeight@PUTRect@@QBEHXZ,drawGameInfo,39,link-order
?getHoldCreature@Creature@@QAEPAV1@XZ,navi,10,ilk-range
?getHolder@Creature@@QAEPAV1@XZ,creature,3,ilk-range
?getI@ParaMultiParameters@@QAEHH@Z,tekibteki,16,ilk-range
?getI@TekiParameters@@QAEHH@Z,tekibteki,14,ilk-range
?getI@TekiPersonality@@QAEHH@Z,tekibteki,5,ilk-range
?getID@?$AState@VAICreature@@@@QAEHXZ,itemMgr,12,ilk-range
?getID@?$AState@VNavi@@@@QAEHXZ,navi,6,ilk-range
?getID@?$AState@VPellet@@@@QAEHXZ,pelletMgr,2,ilk-range
?getID@?$AState@VPiki@@@@QAEHXZ,piki,2,ilk-range
?getInfo@Action@@UAEXPAD@Z,aiFree,30,ilk-range
?getInitPosition@Boss@@QAEPAVVector3f@@XZ,Kogane,11,link-order
?getItemColour@Boss@@QAEHXZ,KoganeAi,2,ilk-range
?getJointMatrix@CollPart@@QAE?AVMatrix4f@@XZ,pelletMgr,2,ilk-range
?getLoopCounter@Boss@@QAEHXZ,PomAi,5,ilk-range
?getLowerAnimator@PaniPikiAnimMgr@@QAEAAVPaniPikiAnimator@@XZ,navi,9,ilk-range
?getLowerRange@BTeki@@QAEMXZ,tekibteki,5,ilk-range
?getMax@CreatureNodeMgr@@UAEHXZ,itemMgr,2,ilk-range
?getMax@MonoObjectMgr@@UAEHXZ,tekimgr,7,ilk-range
?getMax@PolyObjectMgr@@UAEHXZ,itemMgr,2,ilk-range
?getMaxLife@Boss@@QAEMXZ,KingAi,2,ilk-range
?getMeltingPotMgr@ItemMgr@@QAEPAVMeltingPotMgr@@XZ,gameCoreSection,6,ilk-range
?getMotionSpeed@AICreature@@UAEMXZ,simpleAI,3,ilk-range
?getNestPosition@BTeki@@QAEAAVVector3f@@XZ,tekibteki,10,ilk-range
?getNextState@Boss@@QAEHXZ,KingAi,2,ilk-range
?getNumStickers@Stickers@@QAEHXZ,tainapkid,5,ilk-range
?getOnWall@Boss@@QAE_NXZ,KoganeAi,2,ilk-range
?getOwner@FormPoint@@QAEPAVCreature@@XZ,aiFormation,2,ilk-range
?getPaneTree@P2DPane@@QAEPAV?$PSUTree@VP2DPane@@@@XZ,drawCommon,4,link-order
?getParameter@SplineKeyFrame@@QAEMXZ,pevemotionevents,2,ilk-range
?getParameterF@BTeki@@QAEMH@Z,tekibteki,34,ilk-range
?getParameterF@PcamCamera@@QAEMH@Z,pcamcameramanager,2,ilk-range
?getParameterI@BTeki@@QAEHH@Z,tekibteki,10,ilk-range
?getPersonalityF@BTeki@@QAEMH@Z,tekibteki,13,ilk-range
?getPersonalityI@BTeki@@QAEHH@Z,tekibteki,5,ilk-range
?getPickOffset@DynCreature@@QAEMXZ,pelletMgr,5,ilk-range
?getPikiHeadMgr@ItemMgr@@QAEPAVPikiHeadMgr@@XZ,itemMgr,9,ilk-range
?getPikiNum@TAIAstickingPiki@@MAEHAAVTeki@@@Z,TAImiurin,2,ilk-range
?getPos@Generator@@QAE?AVVector3f@@XZ,generator,2,ilk-range
?getPosH@P2DPane@@QAEHXZ,drawGameOver,28,link-order
?getPosV@P2DPane@@QAEHXZ,drawGameOver,28,link-order
?getPosition@Creature@@QAEAAVVector3f@@XZ,pcamcameramanager,38,ilk-range
?getPosture@SplineKeyFrame@@QAEAAVNPosture3D@@XZ,pevemotionevents,2,ilk-range
?getPtclGenPtr@YTeki@@QAEPAVparticleGenerator@zen@@W4ptclIndexFlag@1@@Z,TAIhibaA,5,ilk-range
?getPtr@?$SmartPtr@VCreature@@@@QAEPAVCreature@@XZ,tekibteki,42,ilk-range
?getRand@NsMathF@@SAMM@Z,Boss,9,ilk-range
?getRand@NsMathI@@SAHH@Z,Boss,9,ilk-range
?getRebirthDay@Generator@@QAEHXZ,generator,2,link-order
?getRotate@P2DPane@@QAEMXZ,drawGameInfo,6,link-order
?getScale@P2DPane@@QAEAAVVector3f@@XZ,drawGameOver,5,link-order
?getScaleRate@BTeki@@QAEMXZ,tekibteki,9,ilk-range
?getSfxVol@GamePrefs@@QAEEXZ,gamePrefs,3,ilk-range
?getShadowPos@Creature@@UAE?AVVector3f@@XZ,tekibteki,40,ilk-range
?getShadowPos@Piki@@UAE?AVVector3f@@XZ,piki,2,ilk-range
?getShadowSize@Boss@@UAEMXZ,Boss,11,ilk-range
?getShape@DynCollShape@@UAEPAVShape@@XZ,mapMgr,3,ilk-range
?getSize@?$NArray@VNNode@@@@QAEHXZ,nlibsystem,3,ilk-range
?getSize@Creature@@UAEMXZ,tekibteki,30,ilk-range
?getSize@MonoObjectMgr@@UAEHXZ,tekimgr,7,ilk-range
?getSize@PolyObjectMgr@@UAEHXZ,itemMgr,2,ilk-range
?getStage@Bridge@@QAEHXZ,aiPerf,3,ilk-range
?getStatus@YTeki@@QAEHXZ,TAIAmove,2,ilk-range
?getStereoMode@GamePrefs@@QAE_NXZ,titles,4,ilk-range
?getStickObject@Creature@@QAEPAV1@XZ,tekibteki,17,ilk-range
?getStickPart@Creature@@QAEPAVCollPart@@XZ,tekibteki,4,ilk-range
?getString@P2DTextBox@@QAEPADXZ,drawFinalResult,8,link-order
?getTableIndex@YTeki@@QAEHXZ,TAIAmove,2,ilk-range
?getTargetCreature@Boss@@QAEPAVCreature@@XZ,KingAi,3,ilk-range
?getTargetPosition@Boss@@QAEPAVVector3f@@XZ,KoganeAi,5,ilk-range
?getTekiOption@BTeki@@QAE_NH@Z,tekibteki,13,ilk-range
?getTerritoryDistance@BTeki@@QAEMXZ,taikinoko,6,ilk-range
?getTime@PeveTimeCondition@@QAEMXZ,pcammotionevents,2,ilk-range
?getTurnVelocity@TAIAturnToTarget@@MAEMAAVTeki@@@Z,TAImiurin,4,ilk-range
?getTypeId@TekiMgr@@SAHH@Z,tekibteki,2,ilk-range
?getTypeName@TekiMgr@@SAPADH@Z,panitestsection,5,ilk-range
?getUp@NOrientation@@QAEAAVNVector3f@@XZ,pcamcamera,3,ilk-range
?getUpperAnimator@PaniPikiAnimMgr@@QAEAAVPaniPikiAnimator@@XZ,panitestsection,11,ilk-range
?getVelocity@TAIAapproachTargetPriorityFaceDir@@MAEMAAVTeki@@@Z,TAImiurin,4,ilk-range
?getVelocity@TAIAgoTarget@@MAEMAAVTeki@@@Z,TAImiurin,2,ilk-range
?getVibeMode@GamePrefs@@QAE_NXZ,titles,4,ilk-range
?getViewScale@RigidBody@@UAEMXZ,mapMgr,2,ilk-range
?getViewpoint@NCamera@@QAEAAVNVector3f@@XZ,newPikiGame,5,ilk-range
?getViewpoint@NPosture3D@@QAEAAVNVector3f@@XZ,pcamcamera,5,ilk-range
?getWatchpoint@NCamera@@QAEAAVNVector3f@@XZ,newPikiGame,5,ilk-range
?getWatchpoint@NPosture3D@@QAEAAVNVector3f@@XZ,pcamcamera,5,ilk-range
?getWhite@P2DPicture@@QAE?AVColour@@XZ,drawFinalResult,5,link-order
?getWidth@P2DFont@@QAEGXZ,P2DFont,2,ilk-range
?getWidth@P2DPane@@QAEJXZ,drawGameInfo,33,ilk-range
?getWidth@PUTRect@@QBEHXZ,drawGameInfo,39,link-order
?getWorkObjectPointer@YTeki@@QAEPAVWorkObject@@XZ,TAIAmove,2,ilk-range
?getiMass@Creature@@UAEMXZ,itemMgr,15,ilk-range
?hasContainer@PlayerState@@QAE_NH@Z,memoryCard,8,ilk-range
?hasNextState@TaiAction@@UAE_NXZ,taichappy,26,ilk-range
?hasRadar@PlayerState@@QAE_NXZ,playerState,3,ilk-range
?hasType@TekiMgr@@QAE_NH@Z,panitestsection,3,ilk-range
?hasUfoLeftControl@PlayerState@@QAE_NXZ,playerState,2,ilk-range
?hasUfoRightControl@PlayerState@@QAE_NXZ,playerState,2,link-order
?hide@P2DPane@@QAEXXZ,drawProgre,29,ilk-range
?hitCheckCulling@TAIeffectAttackEventCallBack@@UAE_NPAVparticleGenerator@zen@@PAVTAIeffectAttackParam@@PAVCreature@@@Z,tekiyteki,4,ilk-range
?hitCreature@TAIeffectAttackEventCallBack@@UAE_NPAVTAIeffectAttackParam@@PAVCreature@@@Z,tekiyteki,4,ilk-range
?hitCreature@TAIeffectAttackEventCallBack@@UAE_NPAVTAIeffectAttackParam@@PAVCreature@@VVector3f@@@Z,tekiyteki,4,ilk-range
?hitCreature@TAIeffectAttackEventCallBack@@UAE_NPAVparticleGenerator@zen@@PAVTAIeffectAttackParam@@PAVCreature@@VVector3f@@@Z,tekiyteki,4,ilk-range
?hitMap@TAIeffectAttackEventCallBack@@UAE_NPAVTAIeffectAttackParam@@@Z,tekiyteki,4,ilk-range
?ignoreAtari@Boss@@UAE_NPAVCreature@@@Z,Boss,11,ilk-range
?ignoreAtari@Creature@@UAE_NPAV1@@Z,itemMgr,20,ilk-range
?inDayEnd@PlayerState@@QAE_NXZ,gameCoreSection,5,ilk-range
?inPause@GameCoreSection@@SA_NXZ,itemMgr,2,ilk-range
?init@Animator@@QAEXPAVAnimContext@@PAVAnimMgr@@@Z,cinePlayer,2,ilk-range
?init@TAIeffectAttackParam@@QAEXXZ,tekiyteki,2,ilk-range
?init@YTeki@@UAEXH@Z,teki,2,link-order
?initBlack@P2DPicture@@QAEXXZ,P2DPicture,2,ilk-range
?initCollisions@RigidBody@@UAEXH@Z,mapMgr,2,link-order
?initCylinderTYpePtclCallBack@YTeki@@QAEXPAVTeki@@AAVVector3f@@V3@MMMMPAVTAIeffectAttackEventCallBack@@@Z,TAIhibaA,2,ilk-range
?initDimensions@DynObjBody@@UAEXMMM@Z,mapMgr,2,ilk-range
?initDimensions@RigidBody@@UAEXMMM@Z,mapMgr,2,link-order
?initParam@Creature@@UAEXH@Z,tekibteki,41,ilk-range
?initWhite@P2DPicture@@QAEXXZ,P2DPicture,2,ilk-range
?input@NPosture3D@@QAEXAAV1@@Z,nlibgeometry,3,ilk-range
?inputDirectionVector@BTeki@@QAEXAAVVector3f@@@Z,tainapkid,2,ilk-range
?inputDrive@BTeki@@QAEXAAVVector3f@@@Z,tekibteki,11,ilk-range
?inputPosition@Creature@@QAEXAAVVector3f@@@Z,tekibteki,7,ilk-range
?inputPosture@NCamera@@QAEXAAVNPosture3D@@@Z,pcamcamera,2,ilk-range
?inputVelocity@BTeki@@QAEXAAVVector3f@@@Z,tekibteki,10,ilk-range
?inputViewpoint@NCamera@@QAEXAAVVector3f@@@Z,pcamcamera,2,ilk-range
?inputViewpoint@NPosture3D@@QAEXAAVVector3f@@@Z,pcamcamera,5,ilk-range
?inputWatchpoint@NCamera@@QAEXAAVVector3f@@@Z,pcamcamera,2,ilk-range
?inputWatchpoint@NPosture3D@@QAEXAAVVector3f@@@Z,pcamcamera,5,ilk-range
?insertAfter@AnimKey@@QAEXPAV1@@Z,cinePlayer,13,ilk-range
?insideSafeArea@Creature@@UAE_NAAVVector3f@@@Z,tekibteki,42,ilk-range
?interpolate@NMathF@@SAMMMM@Z,pcamcamera,2,ilk-range
?invincible@NaviState@@UAE_NPAVNavi@@@Z,naviState,2,ilk-range
?invoke@?$Delegate1@VAnimKey@@AAVAgeServer@@@@UAEXAAVAgeServer@@@Z,cinePlayer,2,ilk-range
?invoke@KEffect@@UAE_NPAVparticleGenerator@zen@@@Z,navi,5,ilk-range
?invoke@KEffect@@UAE_NPAVparticleGenerator@zen@@PAVparticleMdl@3@@Z,navi,5,ilk-range
?invoke@KEffect@@UAE_NPAVparticleMdl@zen@@@Z,navi,5,ilk-range
?isAIActive@Creature@@QAE_NXZ,navi,2,ilk-range
?isAlive@Boss@@UAE_NXZ,Boss,11,ilk-range
?isAlive@Creature@@UAE_NXZ,itemMgr,16,ilk-range
?isAtari@Boss@@UAE_NXZ,Boss,11,ilk-range
?isAtari@Creature@@UAE_NXZ,itemMgr,19,ilk-range
?isBossBgm@Boss@@UAE_NXZ,Boss,9,ilk-range
?isBouncySphereType@CollPart@@QAE_NXZ,collInfo,2,ilk-range
?isBuried@Creature@@UAE_NXZ,tekibteki,39,ilk-range
?isChallengeMode@PlayerState@@QAE_NXZ,playerState,3,ilk-range
?isChallengeOpen@GamePrefs@@QAE_NXZ,titles,2,ilk-range
?isCollisionType@CollPart@@QAE_NXZ,collInfo,4,ilk-range
?isCreatureFlag@Creature@@QAE_NK@Z,mapMgr,70,ilk-range
?isDamaged@Creature@@QAE_NXZ,navi,7,ilk-range
?isDone@Iterator@@QAE_NXZ,tekimgr,66,ilk-range
?isFinished@PaniAnimator@@QAE_NXZ,panipikianimmgr,5,ilk-range
?isFinished@PeveEvent@@UAE_NXZ,pcammotionevents,4,ilk-range
?isFinishing@PaniAnimator@@QAE_NXZ,taiotimoti,12,ilk-range
?isFired@Piki@@QAE_NXZ,navi,2,ilk-range
?isFixed@Boss@@UAE_NXZ,Boss,11,ilk-range
?isFixed@Creature@@UAE_NXZ,tekibteki,28,ilk-range
?isFlying@Creature@@QAEHXZ,piki,5,ilk-range
?isFree@Creature@@UAE_NXZ,tekibteki,41,link-order
?isGrabbed@Creature@@QAE_NXZ,piki,4,ilk-range
?isHolding@Creature@@QAE_NXZ,navi,17,ilk-range
?isMotionFlag@PelletShapeObject@@QAE_NE@Z,playerState,2,ilk-range
?isNull@?$SmartPtr@VCreature@@@@QAE_NXZ,navi,25,ilk-range
?isObjType@Creature@@QAE_NH@Z,itemMgr,3,ilk-range
?isOrganic@Boss@@UAE_NXZ,Boss,11,ilk-range
?isOrganic@Creature@@UAE_NXZ,itemMgr,27,ilk-range
?isPaused@DynSimulator@@QAE_NXZ,mapMgr,2,ilk-range
?isPiki@Creature@@QAE_NXZ,pelletMgr,8,ilk-range
?isPlatformType@CollPart@@QAE_NXZ,collInfo,4,ilk-range
?isRopable@Creature@@UAE_NXZ,tekibteki,39,ilk-range
?isSluice@Creature@@QAE_NXZ,mapMgr,9,ilk-range
?isSphereType@CollPart@@QAE_NXZ,collInfo,2,ilk-range
?isStageOpen@GamePrefs@@QAE_NH@Z,mapSelect,3,link-order
?isStickTo@Creature@@QAE_NXZ,tainapkid,12,ilk-range
?isStickToMouth@Creature@@QAEHXZ,tainapkid,11,ilk-range
?isTeki@Creature@@QAE_NXZ,mapMgr,7,ilk-range
?isTubeType@CollPart@@QAE_NXZ,viewPiki,5,ilk-range
?isUfoParts@Pellet@@QAEHXZ,taicollec,3,ilk-range
?isUsingType@TekiMgr@@QAE_NH@Z,tekimgr,3,ilk-range
?isValidID@?$StateMachine@VNavi@@@@QAE_NH@Z,navi,2,ilk-range
?isVisible@Boss@@UAE_NXZ,Boss,10,ilk-range
?isVisible@Creature@@UAE_NXZ,itemMgr,16,ilk-range
?isZero@NMathF@@SA_NM@Z,nlibgeometry,4,ilk-range
?judgeDamage@TAIAdamage@@MAE_NAAVTeki@@@Z,TAIotama,11,ilk-range
?jumpCallback@Creature@@UAEXXZ,tekibteki,39,ilk-range
?kill@EffectMgr@@QAEXPAV?$CallBack1@PAVparticleGenerator@zen@@@zen@@PAV?$CallBack2@PAVparticleGenerator@zen@@PAVparticleMdl@2@@3@_N@Z,MizuAi,6,ilk-range
?kill@EffectMgr@@QAEXPAVparticleGenerator@zen@@_N@Z,cinePlayer,6,ilk-range
?kill@KEffect@@UAEXXZ,navi,5,ilk-range
?killAll@EffectMgr@@QAEXXZ,moviePlayer,2,ilk-range
?lagrange3@?$NsLibMath@M@@SAMPBMM@Z,KingAi,3,ilk-range
?length@NMathF@@SAMMM@Z,pcamcameramanager,9,ilk-range
?makeBodyQuat@RigidBody@@UAEXAAVQuat@@@Z,mapMgr,2,ilk-range
?makeEvent@PeveEvent@@QAEXPAVPeveCondition@@@Z,pcammotionevents,2,ilk-range
?mayIstick@Creature@@UAE_NXZ,tekibteki,39,ilk-range
?needFlick@Creature@@UAE_NPAV1@@Z,tekibteki,39,ilk-range
?needShadow@Boss@@UAE_NXZ,Boss,11,ilk-range
?next@Iterator@@QAEXXZ,tekimgr,66,ilk-range
?occurred@NMathF@@SA_NM@Z,tekibteki,4,ilk-range
?offstickCallback@Creature@@UAEXPAV1@@Z,tekibteki,42,ilk-range
?offwallCallback@Creature@@UAEXPAVDynCollObject@@@Z,tekibteki,39,ilk-range
?openMenu@BaseGameSection@@UAEXXZ,newPikiGame,2,ilk-range
?openStage@GamePrefs@@QAEXH@Z,mapSelect,2,ilk-range
?outputDirectionVector@BTeki@@QAEXAAVVector3f@@@Z,tekibteki,12,ilk-range
?outputDirectionVector@BTeki@@SAXMAAVVector3f@@@Z,tekibteki,12,link-order
?outputPosition@Creature@@QAEXAAVVector3f@@@Z,pcamcamera,4,ilk-range
?outputPosture@NCamera@@QAEXAAVNPosture3D@@@Z,pcamcamera,2,ilk-range
?place@P2DGrafContext@@UAEXHHHH@Z,drawGameInfo,21,link-order
?platAttachable@Creature@@UAE_NXZ,tekibteki,40,ilk-range
?playEffect@AICreature@@UAEXH@Z,itemMgr,16,ilk-range
?playEventSound@TAIeffectAttackEventCallBack@@UAEXPAVparticleGenerator@zen@@PAVTAIeffectAttackParam@@@Z,tekiyteki,4,ilk-range
?playSound@AICreature@@UAEXH@Z,itemMgr,15,ilk-range
?postUpdate@ModeState@@UAEXXZ,newPikiGame,2,ilk-range
?procAnimMsg@?$Receiver@VAICreature@@@@UAEXPAVAICreature@@PAVMsgAnim@@@Z,itemAI,3,ilk-range
?procAnimMsg@?$Receiver@VNavi@@@@UAEXPAVNavi@@PAVMsgAnim@@@Z,naviState,2,ilk-range
?procAnimMsg@?$Receiver@VPiki@@@@UAEXPAVPiki@@PAVMsgAnim@@@Z,aiFree,33,ilk-range
?procBounceMsg@?$Receiver@VAICreature@@@@UAEXPAVAICreature@@PAVMsgBounce@@@Z,itemAI,3,ilk-range
?procBounceMsg@?$Receiver@VNavi@@@@UAEXPAVNavi@@PAVMsgBounce@@@Z,naviState,2,ilk-range
?procBounceMsg@?$Receiver@VPiki@@@@UAEXPAVPiki@@PAVMsgBounce@@@Z,aiFree,34,ilk-range
?procCollideMsg@?$Receiver@VAICreature@@@@UAEXPAVAICreature@@PAVMsgCollide@@@Z,itemAI,3,ilk-range
?procCollideMsg@?$Receiver@VNavi@@@@UAEXPAVNavi@@PAVMsgCollide@@@Z,naviState,2,ilk-range
?procDamageMsg@?$Receiver@VAICreature@@@@UAEXPAVAICreature@@PAUMsgDamage@@@Z,itemAI,3,ilk-range
?procDamageMsg@?$Receiver@VNavi@@@@UAEXPAVNavi@@PAUMsgDamage@@@Z,naviState,2,ilk-range
?procDamageMsg@?$Receiver@VPiki@@@@UAEXPAVPiki@@PAUMsgDamage@@@Z,aiFree,34,ilk-range
?procGroundMsg@?$Receiver@VAICreature@@@@UAEXPAVAICreature@@PAUMsgGround@@@Z,itemAI,3,ilk-range
?procGroundMsg@?$Receiver@VNavi@@@@UAEXPAVNavi@@PAUMsgGround@@@Z,naviState,2,ilk-range
?procGroundMsg@?$Receiver@VPiki@@@@UAEXPAVPiki@@PAUMsgGround@@@Z,aiFree,34,ilk-range
?procHangMsg@?$Receiver@VAICreature@@@@UAEXPAVAICreature@@PAUMsgHang@@@Z,itemAI,3,ilk-range
?procHangMsg@?$Receiver@VNavi@@@@UAEXPAVNavi@@PAUMsgHang@@@Z,naviState,2,ilk-range
?procHangMsg@?$Receiver@VPiki@@@@UAEXPAVPiki@@PAUMsgHang@@@Z,aiFree,34,ilk-range
?procMsg@?$Receiver@VAICreature@@@@UAEXPAVAICreature@@PAVMsg@@@Z,itemAI,3,ilk-range
?procMsg@?$Receiver@VNavi@@@@UAEXPAVNavi@@PAVMsg@@@Z,naviState,2,ilk-range
?procMsg@?$Receiver@VPiki@@@@UAEXPAVPiki@@PAVMsg@@@Z,aiFree,34,ilk-range
?procOffWallMsg@?$Receiver@VAICreature@@@@UAEXPAVAICreature@@PAVMsgOffWall@@@Z,itemAI,3,ilk-range
?procOffWallMsg@?$Receiver@VNavi@@@@UAEXPAVNavi@@PAVMsgOffWall@@@Z,naviState,2,ilk-range
?procOffWallMsg@?$Receiver@VPiki@@@@UAEXPAVPiki@@PAVMsgOffWall@@@Z,aiFree,34,ilk-range
?procStickMsg@?$Receiver@VAICreature@@@@UAEXPAVAICreature@@PAVMsgStick@@@Z,itemAI,3,ilk-range
?procStickMsg@?$Receiver@VNavi@@@@UAEXPAVNavi@@PAVMsgStick@@@Z,naviState,2,ilk-range
?procStickMsg@?$Receiver@VPiki@@@@UAEXPAVPiki@@PAVMsgStick@@@Z,aiFree,34,ilk-range
?procTargetMsg@?$Receiver@VAICreature@@@@UAEXPAVAICreature@@PAVMsgTarget@@@Z,itemAI,3,ilk-range
?procTargetMsg@?$Receiver@VNavi@@@@UAEXPAVNavi@@PAVMsgTarget@@@Z,naviState,2,ilk-range
?procTargetMsg@?$Receiver@VPiki@@@@UAEXPAVPiki@@PAVMsgTarget@@@Z,aiFree,34,ilk-range
?procUserMsg@?$Receiver@VAICreature@@@@UAEXPAVAICreature@@PAUMsgUser@@@Z,itemAI,3,ilk-range
?procUserMsg@?$Receiver@VNavi@@@@UAEXPAVNavi@@PAUMsgUser@@@Z,naviState,2,ilk-range
?procUserMsg@?$Receiver@VPiki@@@@UAEXPAVPiki@@PAUMsgUser@@@Z,aiFree,34,ilk-range
?procWallMsg@?$Receiver@VAICreature@@@@UAEXPAVAICreature@@PAVMsgWall@@@Z,itemAI,3,ilk-range
?procWallMsg@?$Receiver@VNavi@@@@UAEXPAVNavi@@PAVMsgWall@@@Z,naviState,2,ilk-range
?procWallMsg@?$Receiver@VPiki@@@@UAEXPAVPiki@@PAVMsgWall@@@Z,aiFree,32,ilk-range
?ptclHitMap@TAIeffectAttackEventCallBack@@UAEXPAVparticleGenerator@zen@@PAVTAIeffectAttackParam@@@Z,tekiyteki,4,ilk-range
?r2d@NMathF@@SAMM@Z,panitestsection,2,ilk-range
?random@NSystem@@SAMXZ,nlibsystem,11,ilk-range
?rangeRandom@NMathF@@SAMMM@Z,pcammotionevents,3,ilk-range
?rangeRandom@NMathI@@SAHHH@Z,tekibteki,2,ilk-range
?rateRandom@NMathF@@SAMMM@Z,taipalm,3,ilk-range
?refresh2d@Creature@@UAEXAAVGraphics@@@Z,itemMgr,25,ilk-range
?registerMember@?$Factory@UGenObject@@@@QAEXKP6APAUGenObject@@XZPADK@Z,workObject,12,ilk-range
?removeChild@?$PSUTree@VP2DPane@@@@QAE_NPAV1@@Z,drawCommon,2,ilk-range
?reset@?$SmartPtr@VCreature@@@@QAEXXZ,tekibteki,39,ilk-range
?reset@PeveCondition@@UAEXXZ,peve,2,ilk-range
?reset@PeveEvent@@UAEXXZ,pcammotionevents,3,ilk-range
?resetCreatureFlag@Creature@@QAEXK@Z,tekibteki,38,ilk-range
?resetStateDamaged@Creature@@QAEXXZ,navi,2,ilk-range
?restart@?$AState@VNavi@@@@UAEXPAVNavi@@@Z,naviState,2,ilk-range
?restart@Action@@UAEXXZ,aiFree,33,ilk-range
?restart@KEffect@@UAEXXZ,navi,5,ilk-range
?resumable@Action@@UAE_NXZ,aiAction,31,ilk-range
?resume@?$AState@VNavi@@@@UAEXPAVNavi@@@Z,naviState,2,ilk-range
?resume@Action@@UAEXXZ,aiFree,33,ilk-range
?revice@?$NsLibMath@H@@SAHHHH@Z,KingAi,3,ilk-range
?revice@?$NsLibMath@M@@SAMMMM@Z,KingAi,4,ilk-range
?rotate@P2DPane@@QAEXHHW4P2DRotateAxis@@M@Z,drawGameInfo,4,link-order
?rotate@P2DPane@@QAEXW4P2DRotateAxis@@M@Z,drawGameInfo,9,link-order
?rotateZ@P2DPane@@QAEXHHM@Z,drawGameInfo,4,link-order
?rotateZ@P2DPane@@QAEXM@Z,drawWorldMap,2,link-order
?roughCulling@Creature@@QAE_NPAV1@M@Z,creature,2,link-order
?roundAngle@NMathF@@SAMM@Z,pcamcamera,4,ilk-range
?roundAngle@NsMathF@@SAMM@Z,Boss,2,link-order
?roundAzimuth@NPolar3f@@QAEXXZ,pcamcamera,2,ilk-range
?satisfy@SAICondition@@UAE_NPAVAICreature@@@Z,itemAI,3,ilk-range
?satisfy@TekiAndCondition@@UAE_NPAVCreature@@@Z,tekibteki,13,ilk-range
?sendMsg@Creature@@UAEXPAVMsg@@@Z,tekibteki,39,ilk-range
?set@?$ParaParameters@H@@QAEXHH@Z,pcamcameraparameters,25,ilk-range
?set@?$ParaParameters@M@@QAEXHM@Z,tekibteki,26,ilk-range
?set@?$SmartPtr@VCreature@@@@QAEXPAVCreature@@@Z,tekibteki,34,ilk-range
?set@P2DScreen@@QAEXPBD_N@Z,drawHurryUp,4,link-order
?setAction@TaiSerialAction@@QAEXHPAVTaiAction@@@Z,taiotimoti,3,ilk-range
?setAction@TaiState@@QAEXHPAVTaiAction@@@Z,taichappy,22,ilk-range
?setAlpha@P2DPicture@@QAEXE@Z,drawGameInfo,23,ilk-range
?setAlpha@P2DTextBox@@QAEXE@Z,drawContainer,5,link-order
?setAnimFlags@TAIanimation@@QAEXK@Z,TAIotama,10,ilk-range
?setAnimSpeed@YTeki@@QAEMM@Z,TAIotama,7,ilk-range
?setAttackTimer@Boss@@QAEXM@Z,MizuAi,7,ilk-range
?setBiteSwitch@YTeki@@QAEX_N@Z,TAIAattack,2,ilk-range
?setBlack@P2DPicture@@QAEXVColour@@@Z,drawGameInfo,5,ilk-range
?setBootContainer@PlayerState@@QAEXH@Z,demoEvent,2,ilk-range
?setCentre@Creature@@UAEXAAVVector3f@@@Z,tekibteki,41,ilk-range
?setCharColor@P2DTextBox@@QAEXVColour@@@Z,drawFinalResult,6,link-order
?setContainer@PlayerState@@QAEXH@Z,playerState,2,ilk-range
?setCreatureFlag@Creature@@QAEXK@Z,tekibteki,48,ilk-range
?setCreaturePointer@BTeki@@QAEXHPAVCreature@@@Z,tekibteki,16,ilk-range
?setCurrState@AICreature@@UAEXPAV?$AState@VAICreature@@@@@Z,itemMgr,16,ilk-range
?setCurrState@Piki@@QAEXPAV?$AState@VPiki@@@@@Z,piki,2,link-order
?setCurrentState@Boss@@QAEXH@Z,MizuAi,9,ilk-range
?setDamagePoint@Boss@@QAEXM@Z,CoreNucleusAi,2,ilk-range
?setDayEnd@PlayerState@@QAEX_N@Z,playerState,2,ilk-range
?setDirection@BTeki@@QAEXM@Z,tekibteki,6,ilk-range
?setDororoGravity@YTeki@@QAEXM@Z,TAIdororo,2,ilk-range
?setDynFlag@DynCreature@@IAEXH@Z,pelletMgr,2,ilk-range
?setDynamicsSimpleFixed@DualCreature@@QAEX_N@Z,pelletMgr,2,ilk-range
?setEventOption@PeveEvent@@UAEXH@Z,pcammotionevents,4,ilk-range
?setEventOptions@PeveEvent@@UAEXH@Z,pcammotionevents,4,ilk-range
?setF@ParaMultiParameters@@QAEXHM@Z,tekibteki,26,ilk-range
?setF@TekiPersonality@@QAEXHM@Z,tekibteki,5,ilk-range
?setFlag400@Creature@@QAEXXZ,TAIusuba,3,ilk-range
?setFlyingSwitch@YTeki@@QAEX_N@Z,TAIusuba,3,ilk-range
?setFrameCounter@YTeki@@QAEXM@Z,TAIotama,14,ilk-range
?setFrameCounterMax@YTeki@@QAEXM@Z,TAIotama,3,ilk-range
?setGameCamInfo@MoviePlayer@@QAEX_NMAAVVector3f@@1@Z,newPikiGame,2,ilk-range
?setGradColor@P2DTextBox@@QAEXVColour@@@Z,drawFinalResult,5,link-order
?setI@ParaMultiParameters@@QAEXHH@Z,pcamcameraparameters,25,ilk-range
?setI@TekiPersonality@@QAEXHH@Z,taipalm,5,ilk-range
?setInsideView@Creature@@QAEXXZ,tekibteki,2,ilk-range
?setInvincible@Boss@@QAEX_N@Z,King,4,link-order
?setIsAlive@Boss@@QAEX_N@Z,Mizu,15,ilk-range
?setIsAtari@Boss@@QAEX_N@Z,Mizu,13,ilk-range
?setIsOrganic@Boss@@QAEX_N@Z,King,8,link-order
?setLimitGenerator@GeneratorMgr@@QAEX_N@Z,gameCoreSection,2,link-order
?setManualAnimation@YTeki@@QAEX_N@Z,TAIotama,7,ilk-range
?setMapCode@YTeki@@QAEXH@Z,TAIAeffect,2,ilk-range
?setMirror@P2DPicture@@QAEXW4P2DMirror@@@Z,drawCommon,2,ilk-range
?setMode@PathFinder@@SAXH@Z,piki,3,ilk-range
?setMotion@PaniMotionTable@@QAEXHPAVPaniMotion@@@Z,panitekianimator,6,ilk-range
?setMotionFinish@Boss@@QAEX_N@Z,PomAi,9,ilk-range
?setMotionSpeed@AICreature@@UAEXM@Z,simpleAI,2,ilk-range
?setName@Action@@QAEXPAD@Z,aiFree,16,ilk-range
?setNextState@Boss@@QAEXH@Z,MizuAi,9,ilk-range
?setOffset@P2DPane@@QAEXHH@Z,drawGameInfo,25,ilk-range
?setPellet@Navi@@QAEX_N@Z,navi,2,ilk-range
?setPeriod@PeveTimeCondition@@QAEXM@Z,pcammotionevents,2,ilk-range
?setPersonalityF@BTeki@@QAEXHM@Z,tekibteki,4,ilk-range
?setPersonalityI@BTeki@@QAEXHH@Z,taipalm,4,ilk-range
?setPtclGenPtr@YTeki@@QAEXW4ptclIndexFlag@1@PAVparticleGenerator@zen@@@Z,TAIhibaA,5,ilk-range
?setRouteTracer@Creature@@UAEXPAVRouteTracer@@@Z,tekibteki,41,ilk-range
?setShadowNeed@Boss@@QAEX_N@Z,Mizu,6,ilk-range
?setShadowSize@Boss@@QAEXM@Z,Mizu,5,ilk-range
?setState@TaiStrategy@@QAEXHPAVTaiState@@@Z,taichappy,10,ilk-range
?setState@YaiStrategy@@QAEXHPAVTaiState@@@Z,TAIotama,12,ilk-range
?setStateDamaged@Creature@@QAEXXZ,navi,2,ilk-range
?setStatus@YTeki@@QAEXH@Z,TAIAmove,2,ilk-range
?setStrategy@TekiStrategyTable@@QAEXHPAVTekiStrategy@@@Z,tekinakata,2,ilk-range
?setString@P2DTextBox@@QAEXPAD@Z,drawHiScore,9,link-order
?setTableIndex@YTeki@@QAEXH@Z,TAIAmove,2,ilk-range
?setTargetCreature@Boss@@QAEXPAVCreature@@@Z,KingAi,4,ilk-range
?setTargetPosition@Boss@@QAEXAAVVector3f@@@Z,KoganeAi,4,ilk-range
?setTexture@P2DPicture@@QAEXPAVTexture@@E@Z,drawGameInfo,7,link-order
?setWhite@P2DPicture@@QAEXVColour@@@Z,drawGameInfo,9,ilk-range
?shadrender@RigidBody@@UAEXAAVGraphics@@PAVLightCamera@@@Z,mapMgr,2,ilk-range
?show@P2DPane@@QAEXXZ,drawProgre,29,ilk-range
?sin@NMathF@@SAMM@Z,nlibgeometry,33,ilk-range
?size@?$Parm@M@@UAEHXZ,gameflow,24,ilk-range
?sqrt@NMathF@@SAMM@Z,taiotimoti,2,link-order
?sqrtf@std@@YAMM@Z,pcamcameramanager,29,link-order
?start@TAIAinvincibleOff@@UAEXAAVTeki@@@Z,TAIkabekuiC,4,ilk-range
?start@TAIAinvincibleOn@@UAEXAAVTeki@@@Z,TAIkabekuiC,3,link-order
?start@TAIAsetMotionSpeed@@UAEXAAVTeki@@@Z,TAIkabekuiC,4,ilk-range
?start@TAIAshadowOff@@UAEXAAVTeki@@@Z,TAIkabekuiC,3,ilk-range
?start@TAIAshadowOn@@UAEXAAVTeki@@@Z,TAIkabekuiC,3,ilk-range
?start@TAIAstickingPiki@@UAEXAAVTeki@@@Z,TAImiurin,2,ilk-range
?start@TAIAtimerReaction@@UAEXAAVTeki@@@Z,TAIotama,9,link-order
?start@TaiAction@@UAEXAAVTeki@@@Z,taichappy,25,ilk-range
?start@TaiAndAction@@UAEXAAVTeki@@@Z,taichappy,2,ilk-range
?start@TaiNotAction@@UAEXAAVTeki@@@Z,tainapkid,2,ilk-range
?startAI@Creature@@UAEXH@Z,itemMgr,26,ilk-range
?startFlying@Creature@@QAEXXZ,taiotimoti,8,link-order
?startLook@Piki@@QAEXPAVVector3f@@@Z,navi,3,ilk-range
?startMotion@AICreature@@UAEXHM@Z,simpleAI,2,ilk-range
?startPause@GameCoreSection@@SAXG@Z,navi,2,ilk-range
?startWaterEffect@Creature@@UAEXXZ,tekibteki,40,ilk-range
?stickCallback@Creature@@UAEXPAV1@@Z,tekibteki,42,ilk-range
?stickToCallback@Creature@@UAEXPAV1@@Z,tekibteki,40,ilk-range
?stop@KEffect@@UAEXXZ,navi,5,ilk-range
?stopDrive@BTeki@@QAEXXZ,tekibteki,9,ilk-range
?stopMotion@AICreature@@UAEXXZ,simpleAI,2,ilk-range
?stopMove@BTeki@@QAEXXZ,tekibteki,9,ilk-range
?stopVelocity@BTeki@@QAEXXZ,tekibteki,9,ilk-range
?subCntCallback@RefCountable@@UAEXXZ,tekibteki,41,ilk-range
?tan@NMathF@@SAMM@Z,pcamcamera,2,link-order
?timerElapsed@BTeki@@QAE_NH@Z,tekibteki,6,ilk-range
?toGoal@?$NsLibMath@M@@SAMMMM@Z,SnakeBody,2,ilk-range
?transit@?$AState@VNavi@@@@UAEXPAVNavi@@H@Z,naviState,2,ilk-range
?transit@?$StateMachine@VPiki@@@@UAEXPAVPiki@@H@Z,piki,2,ilk-range
?update@PeveCondition@@UAEXXZ,peve,2,ilk-range
?update@PeveEvent@@UAEXXZ,pcammotionevents,3,ilk-range
?updateCont@RigidBody@@UAEXXZ,mapMgr,2,ilk-range
?viewDoAnimation@PelletView@@UAEXXZ,tekibteki,2,ilk-range
?viewFinishMotion@PelletView@@UAEXXZ,tekibteki,2,ilk-range
?viewSetMotionSpeed@PelletView@@UAEXM@Z,tekibteki,2,ilk-range
?viewStartExplodeMotion@PelletView@@UAEXM@Z,tekibteki,5,ilk-range
?wallCallback@Creature@@UAEXAAVPlane@@PAVDynCollObject@@@Z,itemMgr,24,ilk-range
